[
    {
        "title": "Deep Breathing",
        "description": "Take deep breaths in through your nose and slowly exhale through your mouth to calm your nervous system."
    },
    {
        "title": "Go for a Walk",
        "description": "Walking in nature or around your neighborhood can help release endorphins and clear your mind."
    },
    {
        "title": "Journaling",
        "description": "Write down your thoughts and feelings. It helps process emotions and reflect."
    },
    {
        "title": "Talk to Someone",
        "description": "Call a friend, family member, or therapist to share what you’re feeling."
    },
    {
        "title": "Listen to Music",
        "description": "Play relaxing or uplifting music to change your emotional state."
    },
    {
        "title": "Drink Water",
        "description": "Hydration can impact mood and energy. Drink a glass of water mindfully."
    }
]
